business_date,interval_start,source_system,lob,language,offered,answered,abandoned,short_abandoned,abandoned_within_target,answered_within_target,service_level,service_availability,abandon_rate,aht_seconds,sl_target,sl_state,mapping_status
2026-09-05,2026-09-05 00:00:00,CALL_BY_CALL,Ford FR,FR,2.0,2.0,0.0,0.0,0.0,2.0,1.0,1.0,0.0,332.5,0.8,ON_TARGET,MAPPED
2026-09-05,2026-09-05 00:00:00,CALL_BY_CALL,Ford NL,NL,1.0,1.0,0.0,0.0,0.0,1.0,1.0,1.0,0.0,118.0,0.8,ON_TARGET,MAPPED
2026-09-05,2026-09-05 00:00:00,CALL_BY_CALL,RSA BE FR,FR,1.0,0.0,1.0,0.0,0.0,0.0,0.0,0.0,1.0,,0.8,BELOW_TARGET,MAPPED
2026-09-05,2026-09-05 00:00:00,CALL_BY_CALL,RSA BE VL,VL,3.0,0.0,3.0,0.0,0.0,0.0,0.0,0.0,1.0,,0.8,BELOW_TARGET,MAPPED
2026-09-05,2026-09-05 00:00:00,CALL_BY_CALL,RSA NL,NL,9.0,5.0,4.0,0.0,0.0,0.0,0.0,0.5555555555555556,0.4444444444444444,145.8,0.8,BELOW_TARGET,MAPPED
2026-09-05,2026-09-05 01:00:00,CALL_BY_CALL,Ford FR,FR,3.0,3.0,0.0,0.0,0.0,2.0,0.6666666666666666,1.0,0.0,757.0,0.8,BELOW_TARGET,MAPPED
2026-09-05,2026-09-05 01:00:00,CALL_BY_CALL,Ford NL,NL,2.0,2.0,0.0,0.0,0.0,2.0,1.0,1.0,0.0,146.0,0.8,ON_TARGET,MAPPED
2026-09-05,2026-09-05 01:00:00,CALL_BY_CALL,RSA BE VL,VL,1.0,1.0,0.0,0.0,0.0,0.0,0.0,1.0,0.0,686.0,0.8,BELOW_TARGET,MAPPED
2026-09-05,2026-09-05 01:00:00,CALL_BY_CALL,RSA NL,NL,6.0,5.0,1.0,0.0,0.0,0.0,0.0,0.8333333333333334,0.16666666666666666,226.4,0.8,BELOW_TARGET,MAPPED
2026-09-05,2026-09-05 02:00:00,CALL_BY_CALL,Ford NL,NL,1.0,1.0,0.0,0.0,0.0,1.0,1.0,1.0,0.0,431.0,0.8,ON_TARGET,MAPPED
2026-09-05,2026-09-05 02:00:00,CALL_BY_CALL,RSA NL,NL,1.0,1.0,0.0,0.0,0.0,1.0,1.0,1.0,0.0,206.0,0.8,ON_TARGET,MAPPED
2026-09-05,2026-09-05 03:00:00,CALL_BY_CALL,RSA NL,NL,2.0,2.0,0.0,0.0,0.0,2.0,1.0,1.0,0.0,170.0,0.8,ON_TARGET,MAPPED
2026-09-05,2026-09-05 04:00:00,CALL_BY_CALL,Ford NL,NL,1.0,1.0,0.0,0.0,0.0,1.0,1.0,1.0,0.0,434.0,0.8,ON_TARGET,MAPPED
2026-09-05,2026-09-05 04:00:00,CALL_BY_CALL,RSA NL,NL,1.0,1.0,0.0,0.0,0.0,0.0,0.0,1.0,0.0,35.0,0.8,BELOW_TARGET,MAPPED
2026-09-05,2026-09-05 06:00:00,CALL_BY_CALL,RSA BE VL,VL,1.0,1.0,0.0,0.0,0.0,1.0,1.0,1.0,0.0,307.0,0.8,ON_TARGET,MAPPED
2026-09-05,2026-09-05 06:00:00,CALL_BY_CALL,RSA NL,NL,9.0,6.0,3.0,0.0,0.0,1.0,0.1111111111111111,0.6666666666666666,0.3333333333333333,414.0,0.8,BELOW_TARGET,MAPPED
2026-09-05,2026-09-05 07:00:00,CALL_BY_CALL,Ford FR,FR,1.0,1.0,0.0,0.0,0.0,1.0,1.0,1.0,0.0,1052.0,0.8,ON_TARGET,MAPPED
2026-09-05,2026-09-05 07:00:00,CALL_BY_CALL,RSA BE VL,VL,7.0,1.0,6.0,0.0,1.0,0.0,0.0,0.14285714285714285,0.8571428571428571,91.0,0.8,BELOW_TARGET,MAPPED
2026-09-05,2026-09-05 07:00:00,CALL_BY_CALL,RSA NL,NL,11.0,9.0,2.0,0.0,0.0,8.0,0.7272727272727273,0.8181818181818182,0.18181818181818182,395.6666666666667,0.8,BELOW_TARGET,MAPPED
2026-09-05,2026-09-05 08:00:00,CALL_BY_CALL,Ford FR,FR,13.0,13.0,0.0,0.0,0.0,11.0,0.8461538461538461,1.0,0.0,477.7692307692308,0.8,ON_TARGET,MAPPED
2026-09-05,2026-09-05 08:00:00,CALL_BY_CALL,Ford NL,NL,9.0,9.0,0.0,0.0,0.0,9.0,1.0,1.0,0.0,401.1111111111111,0.8,ON_TARGET,MAPPED
2026-09-05,2026-09-05 08:00:00,CALL_BY_CALL,RSA BE FR,FR,8.0,8.0,0.0,0.0,0.0,7.0,0.875,1.0,0.0,290.0,0.8,ON_TARGET,MAPPED
2026-09-05,2026-09-05 08:00:00,CALL_BY_CALL,RSA BE VL,VL,9.0,8.0,1.0,0.0,0.0,8.0,0.8888888888888888,0.8888888888888888,0.1111111111111111,347.625,0.8,ON_TARGET,MAPPED
2026-09-05,2026-09-05 08:00:00,CALL_BY_CALL,RSA NL,NL,35.0,35.0,0.0,0.0,0.0,34.0,0.9714285714285714,1.0,0.0,354.0857142857143,0.8,ON_TARGET,MAPPED
2026-09-05,2026-09-05 09:00:00,CALL_BY_CALL,Ford FR,FR,34.0,34.0,0.0,0.0,0.0,27.0,0.7941176470588235,1.0,0.0,442.3529411764706,0.8,BELOW_TARGET,MAPPED
2026-09-05,2026-09-05 09:00:00,CALL_BY_CALL,Ford NL,NL,12.0,12.0,0.0,0.0,0.0,12.0,1.0,1.0,0.0,360.3333333333333,0.8,ON_TARGET,MAPPED
2026-09-05,2026-09-05 09:00:00,CALL_BY_CALL,RSA BE FR,FR,8.0,6.0,2.0,0.0,0.0,5.0,0.625,0.75,0.25,682.8333333333334,0.8,BELOW_TARGET,MAPPED
2026-09-05,2026-09-05 09:00:00,CALL_BY_CALL,RSA BE VL,VL,10.0,9.0,1.0,0.0,0.0,7.0,0.7,0.9,0.1,271.44444444444446,0.8,BELOW_TARGET,MAPPED
2026-09-05,2026-09-05 09:00:00,CALL_BY_CALL,RSA NL,NL,50.0,50.0,0.0,0.0,0.0,42.0,0.84,1.0,0.0,343.3,0.8,ON_TARGET,MAPPED
2026-09-05,2026-09-05 10:00:00,CALL_BY_CALL,Ford FR,FR,27.0,27.0,0.0,0.0,0.0,24.0,0.8888888888888888,1.0,0.0,444.81481481481484,0.8,ON_TARGET,MAPPED
2026-09-05,2026-09-05 10:00:00,CALL_BY_CALL,Ford NL,NL,26.0,25.0,1.0,0.0,0.0,23.0,0.8846153846153846,0.9615384615384616,0.038461538461538464,332.72,0.8,ON_TARGET,MAPPED
2026-09-05,2026-09-05 10:00:00,CALL_BY_CALL,RSA BE FR,FR,11.0,11.0,0.0,0.0,0.0,4.0,0.36363636363636365,1.0,0.0,474.8181818181818,0.8,BELOW_TARGET,MAPPED
2026-09-05,2026-09-05 10:00:00,CALL_BY_CALL,RSA BE VL,VL,6.0,5.0,1.0,0.0,0.0,5.0,0.8333333333333334,0.8333333333333334,0.16666666666666666,280.6,0.8,ON_TARGET,MAPPED
2026-09-05,2026-09-05 10:00:00,CALL_BY_CALL,RSA NL,NL,63.0,63.0,0.0,0.0,0.0,57.0,0.9047619047619048,1.0,0.0,317.8888888888889,0.8,ON_TARGET,MAPPED
2026-09-05,2026-09-05 11:00:00,CALL_BY_CALL,Ford FR,FR,25.0,25.0,0.0,0.0,0.0,24.0,0.96,1.0,0.0,412.64,0.8,ON_TARGET,MAPPED
2026-09-05,2026-09-05 11:00:00,CALL_BY_CALL,Ford NL,NL,10.0,8.0,2.0,0.0,0.0,8.0,0.8,0.8,0.2,557.125,0.8,ON_TARGET,MAPPED
2026-09-05,2026-09-05 11:00:00,CALL_BY_CALL,RSA BE FR,FR,10.0,10.0,0.0,0.0,0.0,9.0,0.9,1.0,0.0,248.9,0.8,ON_TARGET,MAPPED
2026-09-05,2026-09-05 11:00:00,CALL_BY_CALL,RSA BE VL,VL,14.0,14.0,0.0,0.0,0.0,13.0,0.9285714285714286,1.0,0.0,252.57142857142858,0.8,ON_TARGET,MAPPED
2026-09-05,2026-09-05 11:00:00,CALL_BY_CALL,RSA NL,NL,69.0,68.0,1.0,0.0,0.0,58.0,0.8405797101449275,0.9855072463768116,0.014492753623188406,312.77941176470586,0.8,ON_TARGET,MAPPED
2026-09-05,2026-09-05 12:00:00,CALL_BY_CALL,Ford FR,FR,27.0,26.0,1.0,0.0,0.0,23.0,0.8518518518518519,0.9629629629629629,0.037037037037037035,489.6923076923077,0.8,ON_TARGET,MAPPED
2026-09-05,2026-09-05 12:00:00,CALL_BY_CALL,Ford NL,NL,12.0,11.0,1.0,0.0,0.0,10.0,0.8333333333333334,0.9166666666666666,0.08333333333333333,537.7272727272727,0.8,ON_TARGET,MAPPED
2026-09-05,2026-09-05 12:00:00,CALL_BY_CALL,RSA BE FR,FR,10.0,10.0,0.0,0.0,0.0,9.0,0.9,1.0,0.0,154.3,0.8,ON_TARGET,MAPPED
2026-09-05,2026-09-05 12:00:00,CALL_BY_CALL,RSA BE VL,VL,11.0,10.0,1.0,0.0,0.0,5.0,0.45454545454545453,0.9090909090909091,0.09090909090909091,346.9,0.8,BELOW_TARGET,MAPPED
2026-09-05,2026-09-05 12:00:00,CALL_BY_CALL,RSA NL,NL,61.0,61.0,0.0,0.0,0.0,56.0,0.9180327868852459,1.0,0.0,263.8032786885246,0.8,ON_TARGET,MAPPED
2026-09-05,2026-09-05 13:00:00,CALL_BY_CALL,Ford FR,FR,20.0,20.0,0.0,0.0,0.0,19.0,0.95,1.0,0.0,357.5,0.8,ON_TARGET,MAPPED
2026-09-05,2026-09-05 13:00:00,CALL_BY_CALL,Ford NL,NL,9.0,9.0,0.0,0.0,0.0,9.0,1.0,1.0,0.0,401.0,0.8,ON_TARGET,MAPPED
2026-09-05,2026-09-05 13:00:00,CALL_BY_CALL,RSA BE FR,FR,12.0,12.0,0.0,0.0,0.0,11.0,0.9166666666666666,1.0,0.0,514.1666666666666,0.8,ON_TARGET,MAPPED
2026-09-05,2026-09-05 13:00:00,CALL_BY_CALL,RSA BE VL,VL,7.0,7.0,0.0,0.0,0.0,6.0,0.8571428571428571,1.0,0.0,299.57142857142856,0.8,ON_TARGET,MAPPED
2026-09-05,2026-09-05 13:00:00,CALL_BY_CALL,RSA NL,NL,58.0,58.0,0.0,0.0,0.0,52.0,0.896551724137931,1.0,0.0,275.51724137931035,0.8,ON_TARGET,MAPPED
2026-09-05,2026-09-05 14:00:00,CALL_BY_CALL,Ford FR,FR,19.0,19.0,0.0,0.0,0.0,18.0,0.9473684210526315,1.0,0.0,438.94736842105266,0.8,ON_TARGET,MAPPED
2026-09-05,2026-09-05 14:00:00,CALL_BY_CALL,Ford NL,NL,12.0,12.0,0.0,0.0,0.0,12.0,1.0,1.0,0.0,542.9166666666666,0.8,ON_TARGET,MAPPED
2026-09-05,2026-09-05 14:00:00,CALL_BY_CALL,RSA BE FR,FR,3.0,3.0,0.0,0.0,0.0,3.0,1.0,1.0,0.0,566.6666666666666,0.8,ON_TARGET,MAPPED
2026-09-05,2026-09-05 14:00:00,CALL_BY_CALL,RSA BE VL,VL,4.0,3.0,1.0,0.0,0.0,3.0,0.75,0.75,0.25,209.66666666666666,0.8,BELOW_TARGET,MAPPED
2026-09-05,2026-09-05 14:00:00,CALL_BY_CALL,RSA NL,NL,53.0,53.0,0.0,0.0,0.0,52.0,0.9811320754716981,1.0,0.0,367.07547169811323,0.8,ON_TARGET,MAPPED
2026-09-05,2026-09-05 15:00:00,CALL_BY_CALL,Ford FR,FR,29.0,29.0,0.0,0.0,0.0,28.0,0.9655172413793104,1.0,0.0,419.37931034482756,0.8,ON_TARGET,MAPPED
2026-09-05,2026-09-05 15:00:00,CALL_BY_CALL,Ford NL,NL,16.0,16.0,0.0,0.0,0.0,16.0,1.0,1.0,0.0,525.375,0.8,ON_TARGET,MAPPED
2026-09-05,2026-09-05 15:00:00,CALL_BY_CALL,RSA BE FR,FR,5.0,5.0,0.0,0.0,0.0,4.0,0.8,1.0,0.0,389.0,0.8,ON_TARGET,MAPPED
2026-09-05,2026-09-05 15:00:00,CALL_BY_CALL,RSA BE VL,VL,5.0,5.0,0.0,0.0,0.0,5.0,1.0,1.0,0.0,244.4,0.8,ON_TARGET,MAPPED
2026-09-05,2026-09-05 15:00:00,CALL_BY_CALL,RSA NL,NL,66.0,66.0,0.0,0.0,0.0,59.0,0.8939393939393939,1.0,0.0,305.92424242424244,0.8,ON_TARGET,MAPPED
2026-09-05,2026-09-05 16:00:00,CALL_BY_CALL,Ford FR,FR,17.0,17.0,0.0,0.0,0.0,16.0,0.9411764705882353,1.0,0.0,501.11764705882354,0.8,ON_TARGET,MAPPED
2026-09-05,2026-09-05 16:00:00,CALL_BY_CALL,Ford NL,NL,7.0,7.0,0.0,0.0,0.0,7.0,1.0,1.0,0.0,617.0,0.8,ON_TARGET,MAPPED
2026-09-05,2026-09-05 16:00:00,CALL_BY_CALL,RSA BE FR,FR,8.0,8.0,0.0,0.0,0.0,8.0,1.0,1.0,0.0,341.625,0.8,ON_TARGET,MAPPED
2026-09-05,2026-09-05 16:00:00,CALL_BY_CALL,RSA BE VL,VL,9.0,9.0,0.0,0.0,0.0,9.0,1.0,1.0,0.0,175.44444444444446,0.8,ON_TARGET,MAPPED
2026-09-05,2026-09-05 16:00:00,CALL_BY_CALL,RSA NL,NL,54.0,54.0,0.0,0.0,0.0,50.0,0.9259259259259259,1.0,0.0,283.4074074074074,0.8,ON_TARGET,MAPPED
2026-09-05,2026-09-05 17:00:00,CALL_BY_CALL,Ford FR,FR,15.0,15.0,0.0,0.0,0.0,15.0,1.0,1.0,0.0,448.8,0.8,ON_TARGET,MAPPED
2026-09-05,2026-09-05 17:00:00,CALL_BY_CALL,Ford NL,NL,7.0,7.0,0.0,0.0,0.0,7.0,1.0,1.0,0.0,364.85714285714283,0.8,ON_TARGET,MAPPED
2026-09-05,2026-09-05 17:00:00,CALL_BY_CALL,RSA BE FR,FR,4.0,4.0,0.0,0.0,0.0,3.0,0.75,1.0,0.0,599.25,0.8,BELOW_TARGET,MAPPED
2026-09-05,2026-09-05 17:00:00,CALL_BY_CALL,RSA BE VL,VL,2.0,2.0,0.0,0.0,0.0,1.0,0.5,1.0,0.0,277.5,0.8,BELOW_TARGET,MAPPED
2026-09-05,2026-09-05 17:00:00,CALL_BY_CALL,RSA NL,NL,46.0,46.0,0.0,0.0,0.0,36.0,0.782608695652174,1.0,0.0,269.67391304347825,0.8,BELOW_TARGET,MAPPED
