mapping_type,source_system,source_value,service_scope,designation
forecast_file,VERINT_FORECAST,FORD_FR,Ford FR,Ford France
forecast_file,VERINT_FORECAST,FORD_NL,Ford NL,Ford Netherlands
forecast_file,VERINT_FORECAST,RSA_BE,RSA BE,RSA Belgium
forecast_file,VERINT_FORECAST,RSA_NL,RSA NL,RSA Netherlands
scope_rollup,CONFIG,RSA BE FR,RSA BE,RSA Belgium rollup
scope_rollup,CONFIG,RSA BE VL,RSA BE,RSA Belgium rollup
queue,STORM,APBN_BRU_RSA_INTERNAT_All_FR,RSA BE FR,Allianz Contract BE
queue,STORM,APBN_BRU_RSA_INSURAN_AB_FR,RSA BE FR,Allianz Contract BE
queue,STORM,APBN_BRU_MOBILITY_PROVIDER_Interco_FR,RSA BE FR,Provider BE
queue,STORM,APBN_BRU_MOBILITY_PROVIDER_Local_FR,RSA BE FR,Provider BE
queue,STORM,BRU_MOBILITY_BIKE_Bike_FR,RSA BE FR,RSA BE
queue,STORM,APBN_BRU_MOBILITY_INSURAN_Front_FR,RSA BE FR,RSA BE
queue,STORM,APBN_BRU_MOBILITY_INTERNAT_Front_FR,RSA BE FR,RSA BE
queue,STORM,APBN_BRU_MOBILITY_OEM-CONS_Front_FR,RSA BE FR,RSA BE
queue,STORM,APBN_BRU_MOBILITY_VIP_Front_FR,RSA BE FR,RSA BE
queue,STORM,APBN_BRU_RSA_INSURAN_All_FR,RSA BE FR,RSA BE
queue,STORM,APBN_BRU_RSA_INTERNAT_All_VL,RSA BE VL,Allianz Contract BE
queue,STORM,APBN_BRU_RSA_INSURAN_AB_VL,RSA BE VL,Allianz Contract BE
queue,STORM,APBN_BRU_MOBILITY_PROVIDER_Interco_VL,RSA BE VL,Provider VL
queue,STORM,APBN_BRU_MOBILITY_PROVIDER_Local_VL,RSA BE VL,Provider VL
queue,STORM,APBN_BRU_MOBILITY_PROVIDER_Morocco_EN,RSA BE VL,Provider VL BE
queue,STORM,APBN_BRU_MOBILITY_PROVIDER_Interco_EN,RSA BE VL,Provider VL BE
queue,STORM,BRU_MOBILITY_BIKE_Bike_VL,RSA BE VL,RSA VL
queue,STORM,APBN_BRU_MOBILITY_INSURAN_Front_VL,RSA BE VL,RSA VL
queue,STORM,APBN_BRU_MOBILITY_INTERNAT_Front_VL,RSA BE VL,RSA VL
queue,STORM,APBN_BRU_MOBILITY_NIGHT_NightShift_VL,RSA BE VL,RSA VL
queue,STORM,APBN_BRU_MOBILITY_OEM-CONS_Front_VL,RSA BE VL,RSA VL
queue,STORM,APBN_BRU_MOBILITY_POLICE_OBU_DE,RSA BE VL,RSA VL
queue,STORM,APBN_BRU_MOBILITY_POLICE_OBU_EN,RSA BE VL,RSA VL
queue,STORM,APBN_BRU_MOBILITY_POLICE_OBU_ES,RSA BE VL,RSA VL
queue,STORM,APBN_BRU_MOBILITY_POLICE_OBU_PL,RSA BE VL,RSA VL
queue,STORM,APBN_BRU_MOBILITY_POLICE_OBU_VL,RSA BE VL,RSA VL
queue,STORM,APBN_BRU_MOBILITY_VIP_Front_VL,RSA BE VL,RSA VL
queue,STORM,APBN_BRU_RSA_INSURAN_All_VL,RSA BE VL,RSA VL
queue,STORM,APBN_BRU_RSA_VIP_Front_VL,RSA BE VL,RSA VL
queue,STORM,APBN_AMS_RSA_INSURAN_AzN_NL,RSA NL,Allianz Contract NL
queue,STORM,APBN_AMS_RSA_INTERNAT_All_NL,RSA NL,Allianz Contract NL
queue,STORM,APBN_AMS_MOBILITY_INTERNAT_FollowUp_NL,RSA NL,RSA NL
queue,STORM,APBN_AMS_MOBILITY_LEASE-RE_FollowUp_NL,RSA NL,RSA NL
queue,STORM,APBN_AMS_MOBILITY_OEM-CONS_FollowUp_NL,RSA NL,RSA NL
queue,STORM,APBN_AMS_MOBILITY_VIP_FollowUp_NL,RSA NL,RSA NL
queue,STORM,APBN_AMS_MOBILITY_INTERNAT_Front_NL,RSA NL,RSA NL
queue,STORM,APBN_AMS_MOBILITY_LEASE-RE_Front_NL,RSA NL,RSA NL
queue,STORM,APBN_AMS_MOBILITY_OEM-CONS_Front_NL,RSA NL,RSA NL
queue,STORM,APBN_AMS_MOBILITY_VIP_Front_NL,RSA NL,RSA NL
queue,STORM,APBN_AMS_MOBILITY_INSURAN_AllianzNetherlandsOEM_NL,RSA NL,RSA NL
queue,STORM,APBN_AMS_MOBILITY_INSURAN_FollowUp_NL,RSA NL,RSA NL
queue,STORM,APBN_AMS_MOBILITY_INSURAN_Front_NL,RSA NL,RSA NL
queue,STORM,APBN_AMS_RSA_INSURAN_All_NL,RSA NL,RSA NL
queue,STORM,APBN_AMS_MOBILITY_BIKE_Bike_NL,RSA NL,RSA NL
queue,STORM,APBN_AMS_MOBILITY_CRM_ConciergeBBH_NL,RSA NL,RSA NL
queue,STORM,APBN_AMS_MOBILITY_PROVIDER_Interco_NL,RSA NL,RSA NL Provider
queue,STORM,APBN_AMS_MOBILITY_PROVIDER_Local_NL,RSA NL,RSA NL Provider
queue,STORM,APBN_AMS_MOBILITY_PROVIDER_Morocco_NL,RSA NL,RSA NL Provider
queue,STORM,APBN_BRU_MOBILITY_Ford_Assistance_FR,Ford FR,Ford FR
queue,STORM,APBN_BRU_MOBILITY_Ford_Dealers_FR,Ford FR,Ford FR
queue,STORM,APBN_LUX_MOBILITY_Ford_Assistance_FR,Ford FR,Ford FR
queue,STORM,APCH_ZRH_RSA_Ford_Assistance_FR,Ford FR,Ford FR
queue,STORM,APFR_PAR_RSA_CSTRUCTR_FORD_ASSISTANCE_FR,Ford FR,Ford FR
queue,STORM,APFR_PAR_RSA_CSTRUCTR_TOYOTA-LEXUS_FR,Ford FR,Ford FR
queue,STORM,APFR_PAR_RSA_CHERY_ASSISTANCE_FR,Ford FR,Ford FR
queue,STORM,APBN_AMS_MOBILITY_Ford_Assistance_NL,Ford NL,Ford NL
queue,STORM,APBN_AMS_MOBILITY_Ford_Dealers_NL,Ford NL,Ford NL
queue,STORM,APBN_BRU_MOBILITY_Ford_Assistance_VL,Ford NL,Ford NL
queue,STORM,APBN_BRU_MOBILITY_Ford_Dealers_VL,Ford NL,Ford NL
